modality,att,ns,lm,adv
0.0,0.8363782142624627,0.047076904871013604,0.06708694736356757,0.04945793350295867
1.0,0.8791006785441773,0.024956588564897093,0.06279854092047236,0.033144191970452715