param,coef,se,p
pct_face,2.137561232118219,0.034594579752500035,0.0
"np.power(pct_face, 2)",-2.852293198732803,0.03986691516397456,0.0
